<?xml version="1.0" encoding="UTF-8"?>
<!DOCTYPE generatorConfiguration
        PUBLIC "-//mybatis.org//DTD MyBatis Generator Configuration 1.0//EN"
        "http://mybatis.org/dtd/mybatis-generator-config_1_0.dtd">
<generatorConfiguration>

    <context id="DB2Tables">

        <!-- 生成的Java文件的编码 -->
        <property name="javaFileEncoding" value="UTF-8"/>

        <commentGenerator>
            <property name="suppressDate" value="true"/>
            <property name="suppressAllComments" value="true"/>
        </commentGenerator>

        <!--数据库链接地址账号密码-->
        <jdbcConnection driverClass="com.mysql.jdbc.Driver"
                        connectionURL="jdbc:mysql://rm-wz9t8kxl4zxxm6n1l7o.mysql.rds.aliyuncs.com:3306/snbad"
                        userId="root" password="Admin123456">
        </jdbcConnection>

        <javaTypeResolver>
            <property name="forceBigDecimals" value="false"/>
        </javaTypeResolver>

        <!-- 生成模型的包名和位置 -->
        <javaModelGenerator targetPackage="com.ifsaid.admin.entity" targetProject="src/main/java">
            <!-- 是否对model添加 构造函数 -->
            <property name="constructorBased" value="false"/>
            <!-- 是否允许子包 -->
            <property name="enableSubPackages" value="false"/>
            <!-- 建立的Model对象是否不可改变,即生成的Model对象不会有setter方法只有构造方法 -->
            <property name="immutable" value="false"/>
            <!-- 是否对类CHAR类型的列的数据进行trim操作 -->
            <property name="trimStrings" value="true"/>
        </javaModelGenerator>

        <!-- 生成的映射文件包名和位置 -->
        <sqlMapGenerator targetPackage="xml" targetProject="src/main/java">
            <property name="enableSubPackages" value="true"/>
        </sqlMapGenerator>

        <!-- 生成DAO的包名和位置 -->
        <javaClientGenerator type="XMLMAPPER" targetPackage="com.ifsaid.admin.mapper"
                             targetProject="src/main/java">
            <property name="enableSubPackages" value="true"/>
        </javaClientGenerator>

        <!--生成Dao类存放位置-->
        <!-- 客户端代码，生成易于使用的针对Model对象和XML配置文件 的代码
                type="ANNOTATEDMAPPER",生成Java Model 和基于注解的Mapper对象
                type="MIXEDMAPPER",生成基于注解的Java Model 和相应的Mapper对象
                type="XMLMAPPER",生成SQLMap XML文件和独立的Mapper接口
        -->
        <!--生成对应表及类名-->

        <!--<table tableName="t_sys_dept" domainObjectName="SysDept"-->
               <!--enableCountByExample="false"-->
               <!--enableUpdateByExample="false"-->
               <!--enableDeleteByExample="false"-->
               <!--enableSelectByExample="false"-->
               <!--selectByExampleQueryId="false">-->
            <!--<generatedKey column="id" sqlStatement="MySql" identity="true"/>-->
        <!--</table>-->

        <!--<table tableName="t_sys_permission" domainObjectName="SysPermission"-->
               <!--enableCountByExample="false"-->
               <!--enableUpdateByExample="false"-->
               <!--enableDeleteByExample="false"-->
               <!--enableSelectByExample="false"-->
               <!--selectByExampleQueryId="false">-->
            <!--<generatedKey column="pid" sqlStatement="MySql" identity="true"/>-->
        <!--</table>-->

        <!--<table tableName="t_sys_role" domainObjectName="SysRole"-->
               <!--enableCountByExample="false"-->
               <!--enableUpdateByExample="false"-->
               <!--enableDeleteByExample="false"-->
               <!--enableSelectByExample="false"-->
               <!--selectByExampleQueryId="false">-->
            <!--<generatedKey column="rid" sqlStatement="MySql" identity="true"/>-->
        <!--</table>-->

        <table tableName="t_sys_user" domainObjectName="SysUser"
               enableCountByExample="false"
               enableUpdateByExample="false"
               enableDeleteByExample="false"
               enableSelectByExample="false"
               selectByExampleQueryId="false">
        </table>


    </context>
</generatorConfiguration>
